{
    "name": "order",
    "roles": [
        "order"
    ],
    "lookups": [
        "keywords"
    ],
    "keywords": [
        {
            "keyword": "autoplay",
            "synonyms": [
                "auto play",
                "autoplay",
                "toggle auto play",
                "toggle autoplay"
            ]
        },
        {
            "keyword": "pause",
            "synonyms": [
                "pause"
            ]
        },
        {
            "keyword": "play",
            "synonyms": [
                "play"
            ]
        },
        {
            "keyword": "previous",
            "synonyms": [
                "back",
                "go back",
                "previous",
                "previous song"
            ]
        },
        {
            "keyword": "repeat",
            "synonyms": [
                "repeat",
                "repeat this song"
            ]
        },
        {
            "keyword": "resume",
            "synonyms": [
                "resume"
            ]
        },
        {
            "keyword": "shuffle",
            "synonyms": [
                "shuffle",
                "shuffle the playlist"
            ]
        },
        {
            "keyword": "skip",
            "synonyms": [
                "skip"
            ]
        },
        {
            "keyword": "star",
            "synonyms": [
                "favorite",
                "favorite this",
                "favourite",
                "favourite this",
                "star",
                "star this",
                "star this song"
            ]
        }
    ]
}
