{
    "utterances": [
        {
            "text": "hey bot autoplay",
            "entities": [
                {
                    "entity": "keyword:keyword",
                    "start": 0,
                    "end": 7,
                    "body": "hey bot",
                    "entities": []
                },
                {
                    "entity": "order:order",
                    "start": 8,
                    "end": 16,
                    "body": "autoplay",
                    "entities": []
                }
            ],
            "traits": [],
            "intent": "command"
        },
        {
            "text": "hey bot new best friend",
            "entities": [],
            "traits": []
        },
        {
            "text": "hey bot pause",
            "entities": [
                {
                    "entity": "keyword:keyword",
                    "start": 0,
                    "end": 7,
                    "body": "hey bot",
                    "entities": []
                },
                {
                    "entity": "order:order",
                    "start": 8,
                    "end": 13,
                    "body": "pause",
                    "entities": []
                }
            ],
            "traits": [],
            "intent": "command"
        },
        {
            "text": "hey bot play",
            "entities": [],
            "traits": []
        },
        {
            "text": "hey bot play angeleyes",
            "entities": [
                {
                    "entity": "keyword:keyword",
                    "start": 0,
                    "end": 7,
                    "body": "hey bot",
                    "entities": []
                },
                {
                    "entity": "order:order",
                    "start": 8,
                    "end": 12,
                    "body": "play",
                    "entities": []
                },
                {
                    "entity": "wit$message_body:message_body",
                    "start": 13,
                    "end": 22,
                    "body": "angeleyes",
                    "entities": []
                }
            ],
            "traits": [],
            "intent": "command"
        },
        {
            "text": "hey bot play asjkdhasiugn",
            "entities": [
                {
                    "entity": "keyword:keyword",
                    "start": 0,
                    "end": 7,
                    "body": "hey bot",
                    "entities": []
                },
                {
                    "entity": "order:order",
                    "start": 8,
                    "end": 12,
                    "body": "play",
                    "entities": []
                },
                {
                    "entity": "wit$message_body:message_body",
                    "start": 13,
                    "end": 25,
                    "body": "asjkdhasiugn",
                    "entities": []
                }
            ],
            "traits": [],
            "intent": "command"
        },
        {
            "text": "hey bot play baby driver by simon and garfunkel",
            "entities": [
                {
                    "entity": "keyword:keyword",
                    "start": 0,
                    "end": 7,
                    "body": "hey bot",
                    "entities": []
                },
                {
                    "entity": "order:order",
                    "start": 8,
                    "end": 12,
                    "body": "play",
                    "entities": []
                },
                {
                    "entity": "wit$message_body:message_body",
                    "start": 13,
                    "end": 47,
                    "body": "baby driver by simon and garfunkel",
                    "entities": []
                }
            ],
            "traits": [],
            "intent": "command"
        },
        {
            "text": "hey bot play believer by sheppard",
            "entities": [
                {
                    "entity": "keyword:keyword",
                    "start": 0,
                    "end": 7,
                    "body": "hey bot",
                    "entities": []
                },
                {
                    "entity": "order:order",
                    "start": 8,
                    "end": 12,
                    "body": "play",
                    "entities": []
                },
                {
                    "entity": "wit$message_body:message_body",
                    "start": 13,
                    "end": 33,
                    "body": "believer by sheppard",
                    "entities": []
                }
            ],
            "traits": [],
            "intent": "command"
        },
        {
            "text": "hey bot play bulletproof",
            "entities": [
                {
                    "entity": "keyword:keyword",
                    "start": 0,
                    "end": 7,
                    "body": "hey bot",
                    "entities": []
                },
                {
                    "entity": "order:order",
                    "start": 8,
                    "end": 12,
                    "body": "play",
                    "entities": []
                },
                {
                    "entity": "wit$message_body:message_body",
                    "start": 13,
                    "end": 24,
                    "body": "bulletproof",
                    "entities": []
                }
            ],
            "traits": [],
            "intent": "command"
        },
        {
            "text": "hey bot play die young",
            "entities": [
                {
                    "entity": "keyword:keyword",
                    "start": 0,
                    "end": 7,
                    "body": "hey bot",
                    "entities": []
                },
                {
                    "entity": "order:order",
                    "start": 8,
                    "end": 12,
                    "body": "play",
                    "entities": []
                },
                {
                    "entity": "wit$message_body:message_body",
                    "start": 13,
                    "end": 22,
                    "body": "die young",
                    "entities": []
                }
            ],
            "traits": [],
            "intent": "command"
        },
        {
            "text": "hey bot play give me a chance",
            "entities": [
                {
                    "entity": "keyword:keyword",
                    "start": 0,
                    "end": 7,
                    "body": "hey bot",
                    "entities": []
                },
                {
                    "entity": "order:order",
                    "start": 8,
                    "end": 12,
                    "body": "play",
                    "entities": []
                },
                {
                    "entity": "wit$message_body:message_body",
                    "start": 13,
                    "end": 29,
                    "body": "give me a chance",
                    "entities": []
                }
            ],
            "traits": [],
            "intent": "command"
        },
        {
            "text": "hey bot play hello world",
            "entities": [
                {
                    "entity": "keyword:keyword",
                    "start": 0,
                    "end": 7,
                    "body": "hey bot",
                    "entities": []
                },
                {
                    "entity": "order:order",
                    "start": 8,
                    "end": 12,
                    "body": "play",
                    "entities": []
                }
            ],
            "traits": [],
            "intent": "command"
        },
        {
            "text": "hey bot play holding out for a hero",
            "entities": [
                {
                    "entity": "keyword:keyword",
                    "start": 0,
                    "end": 7,
                    "body": "hey bot",
                    "entities": []
                },
                {
                    "entity": "order:order",
                    "start": 8,
                    "end": 12,
                    "body": "play",
                    "entities": []
                },
                {
                    "entity": "wit$message_body:message_body",
                    "start": 13,
                    "end": 35,
                    "body": "holding out for a hero",
                    "entities": []
                }
            ],
            "traits": [],
            "intent": "command"
        },
        {
            "text": "hey bot play im a believer",
            "entities": [
                {
                    "entity": "keyword:keyword",
                    "start": 0,
                    "end": 7,
                    "body": "hey bot",
                    "entities": []
                },
                {
                    "entity": "order:order",
                    "start": 8,
                    "end": 12,
                    "body": "play",
                    "entities": []
                },
                {
                    "entity": "wit$message_body:message_body",
                    "start": 13,
                    "end": 26,
                    "body": "im a believer",
                    "entities": []
                }
            ],
            "traits": [],
            "intent": "command"
        },
        {
            "text": "hey bot play in the aeroplane over the sea",
            "entities": [
                {
                    "entity": "keyword:keyword",
                    "start": 0,
                    "end": 7,
                    "body": "hey bot",
                    "entities": []
                },
                {
                    "entity": "order:order",
                    "start": 8,
                    "end": 12,
                    "body": "play",
                    "entities": []
                },
                {
                    "entity": "wit$message_body:message_body",
                    "start": 13,
                    "end": 42,
                    "body": "in the aeroplane over the sea",
                    "entities": []
                }
            ],
            "traits": [],
            "intent": "command"
        },
        {
            "text": "hey bot play laptop",
            "entities": [
                {
                    "entity": "keyword:keyword",
                    "start": 0,
                    "end": 7,
                    "body": "hey bot",
                    "entities": []
                },
                {
                    "entity": "order:order",
                    "start": 8,
                    "end": 12,
                    "body": "play",
                    "entities": []
                },
                {
                    "entity": "wit$message_body:message_body",
                    "start": 13,
                    "end": 19,
                    "body": "laptop",
                    "entities": []
                }
            ],
            "traits": [],
            "intent": "command"
        },
        {
            "text": "hey bot play laptop by dreamcache",
            "entities": [
                {
                    "entity": "keyword:keyword",
                    "start": 0,
                    "end": 7,
                    "body": "hey bot",
                    "entities": []
                },
                {
                    "entity": "order:order",
                    "start": 8,
                    "end": 12,
                    "body": "play",
                    "entities": []
                },
                {
                    "entity": "wit$message_body:message_body",
                    "start": 13,
                    "end": 33,
                    "body": "laptop by dreamcache",
                    "entities": []
                }
            ],
            "traits": [],
            "intent": "command"
        },
        {
            "text": "hey bot play mice on venus",
            "entities": [
                {
                    "entity": "keyword:keyword",
                    "start": 0,
                    "end": 7,
                    "body": "hey bot",
                    "entities": []
                },
                {
                    "entity": "order:order",
                    "start": 8,
                    "end": 12,
                    "body": "play",
                    "entities": []
                },
                {
                    "entity": "wit$message_body:message_body",
                    "start": 13,
                    "end": 26,
                    "body": "mice on venus",
                    "entities": []
                }
            ],
            "traits": [],
            "intent": "command"
        },
        {
            "text": "hey bot play new best friend",
            "entities": [
                {
                    "entity": "keyword:keyword",
                    "start": 0,
                    "end": 7,
                    "body": "hey bot",
                    "entities": []
                },
                {
                    "entity": "order:order",
                    "start": 8,
                    "end": 12,
                    "body": "play",
                    "entities": []
                },
                {
                    "entity": "wit$message_body:message_body",
                    "start": 13,
                    "end": 28,
                    "body": "new best friend",
                    "entities": []
                }
            ],
            "traits": [],
            "intent": "command"
        },
        {
            "text": "hey bot play ninety nine luftballons",
            "entities": [
                {
                    "entity": "keyword:keyword",
                    "start": 0,
                    "end": 7,
                    "body": "hey bot",
                    "entities": []
                },
                {
                    "entity": "order:order",
                    "start": 8,
                    "end": 12,
                    "body": "play",
                    "entities": []
                },
                {
                    "entity": "wit$message_body:message_body",
                    "start": 13,
                    "end": 36,
                    "body": "ninety nine luftballons",
                    "entities": []
                }
            ],
            "traits": [],
            "intent": "command"
        },
        {
            "text": "hey bot play one more night",
            "entities": [
                {
                    "entity": "keyword:keyword",
                    "start": 0,
                    "end": 7,
                    "body": "hey bot",
                    "entities": []
                },
                {
                    "entity": "order:order",
                    "start": 8,
                    "end": 12,
                    "body": "play",
                    "entities": []
                },
                {
                    "entity": "wit$message_body:message_body",
                    "start": 13,
                    "end": 27,
                    "body": "one more night",
                    "entities": []
                }
            ],
            "traits": [],
            "intent": "command"
        },
        {
            "text": "hey bot play runaway by kanye",
            "entities": [
                {
                    "entity": "keyword:keyword",
                    "start": 0,
                    "end": 7,
                    "body": "hey bot",
                    "entities": []
                },
                {
                    "entity": "order:order",
                    "start": 8,
                    "end": 12,
                    "body": "play",
                    "entities": []
                },
                {
                    "entity": "wit$message_body:message_body",
                    "start": 13,
                    "end": 29,
                    "body": "runaway by kanye",
                    "entities": []
                }
            ],
            "traits": [],
            "intent": "command"
        },
        {
            "text": "hey bot play runaway by kanye west",
            "entities": [
                {
                    "entity": "keyword:keyword",
                    "start": 0,
                    "end": 7,
                    "body": "hey bot",
                    "entities": []
                },
                {
                    "entity": "order:order",
                    "start": 8,
                    "end": 12,
                    "body": "play",
                    "entities": []
                },
                {
                    "entity": "wit$message_body:message_body",
                    "start": 13,
                    "end": 34,
                    "body": "runaway by kanye west",
                    "entities": []
                }
            ],
            "traits": [],
            "intent": "command"
        },
        {
            "text": "hey bot play skater boy",
            "entities": [
                {
                    "entity": "keyword:keyword",
                    "start": 0,
                    "end": 7,
                    "body": "hey bot",
                    "entities": []
                },
                {
                    "entity": "order:order",
                    "start": 8,
                    "end": 12,
                    "body": "play",
                    "entities": []
                },
                {
                    "entity": "wit$message_body:message_body",
                    "start": 13,
                    "end": 23,
                    "body": "skater boy",
                    "entities": []
                }
            ],
            "traits": [],
            "intent": "command"
        },
        {
            "text": "hey bot play top ten fortnite songs",
            "entities": [
                {
                    "entity": "keyword:keyword",
                    "start": 0,
                    "end": 7,
                    "body": "hey bot",
                    "entities": []
                },
                {
                    "entity": "order:order",
                    "start": 8,
                    "end": 12,
                    "body": "play",
                    "entities": []
                },
                {
                    "entity": "wit$message_body:message_body",
                    "start": 13,
                    "end": 35,
                    "body": "top ten fortnite songs",
                    "entities": []
                }
            ],
            "traits": [],
            "intent": "command"
        },
        {
            "text": "hey bot play viva la vida",
            "entities": [
                {
                    "entity": "keyword:keyword",
                    "start": 0,
                    "end": 7,
                    "body": "hey bot",
                    "entities": []
                },
                {
                    "entity": "order:order",
                    "start": 8,
                    "end": 12,
                    "body": "play",
                    "entities": []
                },
                {
                    "entity": "wit$message_body:message_body",
                    "start": 13,
                    "end": 25,
                    "body": "viva la vida",
                    "entities": []
                }
            ],
            "traits": [],
            "intent": "command"
        },
        {
            "text": "hey bot play watergun",
            "entities": [
                {
                    "entity": "keyword:keyword",
                    "start": 0,
                    "end": 7,
                    "body": "hey bot",
                    "entities": []
                },
                {
                    "entity": "order:order",
                    "start": 8,
                    "end": 12,
                    "body": "play",
                    "entities": []
                },
                {
                    "entity": "wit$message_body:message_body",
                    "start": 13,
                    "end": 21,
                    "body": "watergun",
                    "entities": []
                }
            ],
            "traits": [],
            "intent": "command"
        },
        {
            "text": "hey bot play you know me",
            "entities": [
                {
                    "entity": "keyword:keyword",
                    "start": 0,
                    "end": 7,
                    "body": "hey bot",
                    "entities": []
                },
                {
                    "entity": "order:order",
                    "start": 8,
                    "end": 12,
                    "body": "play",
                    "entities": []
                },
                {
                    "entity": "wit$message_body:message_body",
                    "start": 13,
                    "end": 24,
                    "body": "you know me",
                    "entities": []
                }
            ],
            "traits": [],
            "intent": "command"
        },
        {
            "text": "hey bot repeat this song",
            "entities": [
                {
                    "entity": "keyword:keyword",
                    "start": 0,
                    "end": 7,
                    "body": "hey bot",
                    "entities": []
                },
                {
                    "entity": "order:order",
                    "start": 8,
                    "end": 14,
                    "body": "repeat",
                    "entities": []
                }
            ],
            "traits": [],
            "intent": "command"
        },
        {
            "text": "hey bot resume",
            "entities": [
                {
                    "entity": "keyword:keyword",
                    "start": 0,
                    "end": 7,
                    "body": "hey bot",
                    "entities": []
                },
                {
                    "entity": "order:order",
                    "start": 8,
                    "end": 14,
                    "body": "resume",
                    "entities": []
                }
            ],
            "traits": [],
            "intent": "command"
        },
        {
            "text": "hey bot shuffle",
            "entities": [
                {
                    "entity": "keyword:keyword",
                    "start": 0,
                    "end": 7,
                    "body": "hey bot",
                    "entities": []
                },
                {
                    "entity": "order:order",
                    "start": 8,
                    "end": 15,
                    "body": "shuffle",
                    "entities": []
                }
            ],
            "traits": [],
            "intent": "command"
        },
        {
            "text": "hey bot skip",
            "entities": [
                {
                    "entity": "keyword:keyword",
                    "start": 0,
                    "end": 7,
                    "body": "hey bot",
                    "entities": []
                },
                {
                    "entity": "order:order",
                    "start": 8,
                    "end": 12,
                    "body": "skip",
                    "entities": []
                }
            ],
            "traits": [],
            "intent": "command"
        },
        {
            "text": "i got the worst loot",
            "entities": [],
            "traits": []
        },
        {
            "text": "ok bot play bohemian rhapsody",
            "entities": [
                {
                    "entity": "keyword:keyword",
                    "start": 0,
                    "end": 6,
                    "body": "ok bot",
                    "entities": []
                },
                {
                    "entity": "order:order",
                    "start": 7,
                    "end": 11,
                    "body": "play",
                    "entities": []
                },
                {
                    "entity": "wit$message_body:message_body",
                    "start": 12,
                    "end": 29,
                    "body": "bohemian rhapsody",
                    "entities": []
                }
            ],
            "traits": [],
            "intent": "command"
        },
        {
            "text": "ok bot play laptop by dreamcache",
            "entities": [
                {
                    "entity": "keyword:keyword",
                    "start": 0,
                    "end": 6,
                    "body": "ok bot",
                    "entities": []
                },
                {
                    "entity": "order:order",
                    "start": 7,
                    "end": 11,
                    "body": "play",
                    "entities": []
                },
                {
                    "entity": "wit$message_body:message_body",
                    "start": 12,
                    "end": 32,
                    "body": "laptop by dreamcache",
                    "entities": []
                }
            ],
            "traits": [],
            "intent": "command"
        },
        {
            "text": "ok bot play with the dogs",
            "entities": [
                {
                    "entity": "keyword:keyword",
                    "start": 0,
                    "end": 6,
                    "body": "ok bot",
                    "entities": []
                },
                {
                    "entity": "order:order",
                    "start": 7,
                    "end": 11,
                    "body": "play",
                    "entities": []
                },
                {
                    "entity": "wit$message_body:message_body",
                    "start": 12,
                    "end": 25,
                    "body": "with the dogs",
                    "entities": []
                }
            ],
            "traits": [],
            "intent": "command"
        },
        {
            "text": "yo hes one shot",
            "entities": [],
            "traits": []
        }
    ]
}
